,latitude,longitude
0,1.25622,103.61422
1,1.24925,103.61471
2,1.26999,103.6204
3,1.27144,103.62105
4,1.29284,103.62308
5,1.28644,103.62365
6,1.30308,103.62568
7,1.31056,103.62729
8,1.28506,103.62831
9,1.314,103.62854
10,1.29754,103.62888
11,1.31598,103.62964
12,1.30156,103.62987
13,1.32042,103.63086
14,1.31924,103.63101
15,1.292,103.63127
16,1.30719,103.63161
17,1.28781,103.63204
18,1.31079,103.63325
19,1.33252,103.6339
20,1.31055,103.63392
21,1.33019,103.63409
22,1.29589,103.63447
23,1.31637,103.6352
24,1.33639,103.63551
25,1.32671,103.63795
26,1.30203,103.63832
27,1.34544,103.63923
28,1.32935,103.64049
29,1.33597,103.64094
30,1.34442,103.6411
31,1.31602,103.64156
32,1.33674,103.64446
33,1.33287,103.64483
34,1.32012,103.6495
35,1.3356,103.65048
36,1.33448,103.65164
37,1.32106,103.65298
38,1.33305,103.65312
39,1.331,103.6543
40,1.31501,103.6559
41,1.31382,103.65662
42,1.32765,103.65769
43,1.31125,103.65827
44,1.32324,103.65871
45,1.31877,103.65956
46,1.30933,103.65962
47,1.31889,103.65973
48,1.3098,103.6601
49,1.32063,103.66145
50,1.32183,103.6628
51,1.32243,103.6629
52,1.32215,103.6638
53,1.31603,103.6642
54,1.30791,103.66436
55,1.32442,103.66448
56,1.30756,103.6653
57,1.30748,103.66532
58,1.29685,103.66535
59,1.32615,103.66565
60,1.32651,103.66581
61,1.3081,103.66593
62,1.31737,103.66629
63,1.32728,103.66662
64,1.3282,103.66808
65,1.32551,103.66908
66,1.31319,103.66929
67,1.32904,103.66955
68,1.26075,103.66991
69,1.315,103.67018
70,1.32975,103.671
71,1.33049,103.6728
72,1.33056,103.67313
73,1.33111,103.67429
74,1.26202,103.67502
75,1.31219,103.67541
76,1.32033,103.6756
77,1.33054,103.67605
78,1.33053,103.67618
79,1.33563,103.6765
80,1.3305,103.67662
81,1.34188,103.67672
82,1.25953,103.67687
83,1.31546,103.67688
84,1.23428,103.6772
85,1.31555,103.67813
86,1.32051,103.67837
87,1.3098,103.6785
88,1.32212,103.67898
89,1.32194,103.679
90,1.32215,103.679
91,1.33938,103.679
92,1.32206,103.67903
93,1.32211,103.67903
94,1.32481,103.67914
95,1.3415,103.67914
96,1.32722,103.67921
97,1.32708,103.67927
98,1.32743,103.67927
99,1.32744,103.67927
100,1.32731,103.67932
101,1.32737,103.67932
102,1.32992,103.67938
103,1.27721,103.67942
104,1.30133,103.67954
105,1.30163,103.6796
106,1.27779,103.6804
107,1.34167,103.68141
108,1.33012,103.68199
109,1.33976,103.68209
110,1.32246,103.68263
111,1.32995,103.6834
112,1.32992,103.6837
113,1.3228,103.68502
114,1.32717,103.68612
115,1.34053,103.6869
116,1.34027,103.68712
117,1.31915,103.6877
118,1.33197,103.6892
119,1.342,103.68932
120,1.34203,103.68943
121,1.34195,103.68948
122,1.34192,103.68964
123,1.3518,103.68964
124,1.3468,103.68972
125,1.33918,103.68975
126,1.34603,103.69002
127,1.34611,103.69013
128,1.32278,103.69015
129,1.26684,103.69057
130,1.26668,103.69072
131,1.34127,103.69072
132,1.34128,103.6908
133,1.34189,103.69112
134,1.34201,103.69115
135,1.34208,103.69127
136,1.34061,103.6915
137,1.34426,103.6916
138,1.34083,103.69181
139,1.34392,103.69192
140,1.34382,103.692
141,1.32323,103.69207
142,1.335,103.69211
143,1.34365,103.69212
144,1.3428,103.69215
145,1.34345,103.6923
146,1.3431,103.69257
147,1.35602,103.69275
148,1.33849,103.69288
149,1.33879,103.6929
150,1.34259,103.6929
151,1.34262,103.69294
152,1.26654,103.69313
153,1.34222,103.69355
154,1.38765,103.6936
155,1.33696,103.69382
156,1.33515,103.69412
157,1.35023,103.6942
158,1.35711,103.69443
159,1.34311,103.69447
160,1.31764,103.69453
161,1.34325,103.69463
162,1.26622,103.69471
163,1.35775,103.69487
164,1.34021,103.69489
165,1.31219,103.6949
166,1.35147,103.69503
167,1.33476,103.6951
168,1.31229,103.69525
169,1.3349,103.69547
170,1.33491,103.69573
171,1.31491,103.69579
172,1.31489,103.69581
173,1.35283,103.69606
174,1.33566,103.6963
175,1.33491,103.69636
176,1.3344,103.6964
177,1.33494,103.6964
178,1.32656,103.69642
179,1.32971,103.69642
180,1.32551,103.69644
181,1.33467,103.69645
182,1.32741,103.6965
183,1.32412,103.6966
184,1.33786,103.6968
185,1.34158,103.69715
186,1.35556,103.69722
187,1.31081,103.6973
188,1.35538,103.69752
189,1.33976,103.69798
190,1.33786,103.6982
191,1.33921,103.69821
192,1.33784,103.69839
193,1.34982,103.6989
194,1.31231,103.6995
195,1.3293,103.6998
196,1.34457,103.70026
197,1.33768,103.70073
198,1.33771,103.70074
199,1.33958,103.701
200,1.35026,103.7012
201,1.30529,103.70125
202,1.33799,103.70134
203,1.35008,103.70136
204,1.33488,103.70188
205,1.34365,103.7022
206,1.34557,103.70257
207,1.35302,103.70295
208,1.35058,103.70308
209,1.343882,103.7032
210,1.34426,103.7034
211,1.34336,103.7037
212,1.34635,103.70385
213,1.34162,103.70389
214,1.34144,103.70393
215,1.33936,103.7042
216,1.32199,103.70467
217,1.347,103.70481
218,1.36362,103.70515
219,1.3641,103.70573
220,1.3363,103.70604
221,1.26952,103.70608
222,1.37085,103.70671
223,1.33897,103.707
224,1.35421,103.7071
225,1.34414,103.70721
226,1.3395,103.70738
227,1.33282,103.70833
228,1.33484,103.70894
229,1.33582,103.70922
230,1.31534,103.70953
231,1.31485,103.70955
232,1.31477,103.70958
233,1.3129,103.7098
234,1.3126,103.70984
235,1.30923,103.70994
236,1.30904,103.70998
237,1.30906,103.70998
238,1.3089,103.71
239,1.32167,103.71
240,1.30885,103.71009
241,1.31407,103.7101
242,1.30881,103.71011
243,1.30881,103.71012
244,1.30843,103.71047
245,1.34615,103.71052
246,1.34101,103.71067
247,1.30819,103.71117
248,1.30807,103.71122
249,1.34123,103.71127
250,1.29407,103.71143
251,1.29814,103.71148
252,1.29378,103.7115
253,1.30731,103.71151
254,1.35168,103.7118
255,1.35147,103.71221
256,1.34718,103.7124
257,1.27729,103.71329
258,1.29069,103.71385
259,1.34229,103.7141
260,1.34995,103.71491
261,1.343622,103.7154
262,1.33931,103.71544
263,1.34994,103.71588
264,1.34063,103.71603
265,1.31461,103.7163
266,1.35023,103.7164
267,1.36885,103.71674
268,1.34338,103.71697
269,1.35579,103.71697
270,1.27939,103.7173
271,1.34693,103.71741
272,1.32691,103.71764
273,1.32684,103.71766
274,1.34757,103.71773
275,1.33791,103.71829
276,1.33182,103.71833
277,1.3234,103.71843
278,1.28915,103.7191
279,1.36965,103.71936
280,1.31407,103.7194
281,1.323471,103.7195
282,1.33989,103.71951
283,1.3158,103.71974
284,1.3158,103.71974
285,1.32245,103.71976
286,1.27846,103.71979
287,1.31643,103.71985
288,1.35279,103.72004
289,1.31766,103.7201
290,1.32059,103.72019
291,1.31993,103.72027
292,1.3197,103.72028
293,1.28698,103.72039
294,1.34669,103.72118
295,1.32639,103.72149
296,1.37033,103.72153
297,1.32642,103.72155
298,1.34452,103.7218
299,1.33433,103.722
300,1.32874,103.72282
301,1.33399,103.72282
302,1.3338,103.72291
303,1.33972,103.72291
304,1.3335,103.72299
305,1.35086,103.72312
306,1.33264,103.72328
307,1.37438,103.7237
308,1.3253,103.72442
309,1.32509,103.7247
310,1.34697,103.7247
311,1.33433,103.72476
312,1.31715,103.72522
313,1.32652,103.72541
314,1.37447,103.72603
315,1.34604,103.72609
316,1.32512,103.72632
317,1.3211,103.7283
318,1.31236,103.72968
319,1.31204,103.73096
320,1.31381,103.73125
321,1.31377,103.7314
322,1.37908,103.7321
323,1.34507,103.7324
324,1.37784,103.73378
325,1.311,103.7342
326,1.34474,103.73517
327,1.31832,103.73586
328,1.37823,103.73653
329,1.3808,103.73656
330,1.38263,103.73671
331,1.37832,103.73777
332,1.3782,103.73783
333,1.37842,103.73801
334,1.30411,103.73805
335,1.32099,103.7381
336,1.37836,103.73819
337,1.30539,103.73832
338,1.32113,103.73841
339,1.32055,103.73861
340,1.30531,103.7387
341,1.38118,103.73888
342,1.33556,103.73891
343,1.33525,103.73913
344,1.33835,103.73943
345,1.38511,103.73944
346,1.32106,103.73962
347,1.35552,103.73967
348,1.30676,103.7397
349,1.3784,103.74016
350,1.38196,103.74042
351,1.33951,103.7406
352,1.32574,103.7409
353,1.38689,103.74103
354,1.37482,103.74118
355,1.38345,103.74128
356,1.344157,103.7414
357,1.38369,103.74215
358,1.38428,103.74257
359,1.38869,103.74271
360,1.38776,103.74283
361,1.34071,103.74302
362,1.39191,103.74302
363,1.398609,103.7431
364,1.30422,103.7432
365,1.38157,103.74333
366,1.40127,103.74338
367,1.38034,103.74371
368,1.33277,103.7438
369,1.33564,103.744
370,1.33559,103.74419
371,1.33337,103.74459
372,1.33313,103.7447
373,1.34671,103.74475
374,1.34996,103.74476
375,1.34169,103.7448
376,1.37923,103.7449
377,1.33954,103.74534
378,1.33406,103.7456
379,1.34976,103.74571
380,1.3864,103.74578
381,1.34988,103.74605
382,1.3032,103.74629
383,1.32073,103.74638
384,1.40822,103.7464
385,1.40826,103.74643
386,1.35094,103.74655
387,1.33649,103.74685
388,1.40366,103.74696
389,1.39645,103.7473
390,1.39647,103.7474
391,1.32969,103.74748
392,1.38109,103.74748
393,1.39705,103.74752
394,1.33606,103.74757
395,1.33503,103.74768
396,1.33633,103.74789
397,1.31795,103.7482
398,1.32106,103.74844
399,1.32427,103.74844
400,1.3481,103.74849
401,1.42337,103.74849
402,1.3899,103.74853
403,1.34815,103.74855
404,1.43561,103.74886
405,1.34101,103.7499
406,1.33862,103.75005
407,1.40443,103.75025
408,1.3053,103.75037
409,1.35982,103.7509
410,1.3568,103.75103
411,1.31234,103.7516
412,1.31424,103.75228
413,1.31428,103.75234
414,1.3143,103.7524
415,1.32803,103.7524
416,1.3491,103.75245
417,1.38295,103.7536
418,1.32756,103.754
419,1.33754,103.75433
420,1.30952,103.75479
421,1.347034,103.7548
422,1.30953,103.75489
423,1.35226,103.75489
424,1.39877,103.75498
425,1.31923,103.75509
426,1.34928,103.75511
427,1.347523,103.7558
428,1.40879,103.75601
429,1.40425,103.7563
430,1.34715,103.75641
431,1.310922,103.7571
432,1.42418,103.75715
433,1.32591,103.7572
434,1.31098,103.75721
435,1.34858,103.7573
436,1.34702,103.75751
437,1.34512,103.75773
438,1.34487,103.75798
439,1.33088,103.75851
440,1.3502,103.7595
441,1.33502,103.75977
442,1.34439,103.76061
443,1.30819,103.76084
444,1.30815,103.76089
445,1.30824,103.7611
446,1.3138,103.76123
447,1.30225,103.76142
448,1.32168,103.76155
449,1.38175,103.7616
450,1.42943,103.762
451,1.30686,103.76289
452,1.31451,103.76316
453,1.31873,103.76341
454,1.30618,103.76369
455,1.31076,103.7638
456,1.42713,103.764
457,1.32462,103.76435
458,1.38414,103.76444
459,1.37683,103.76568
460,1.318909,103.766
461,1.38697,103.76604
462,1.30094,103.76622
463,1.31883,103.76682
464,1.2944,103.76687
465,1.30461,103.76707
466,1.36336,103.76733
467,1.31449,103.76742
468,1.36326,103.7675
469,1.3144,103.76751
470,1.43128,103.76756
471,1.34582,103.76759
472,1.31197,103.7677
473,1.3453,103.7681
474,1.38897,103.7681
475,1.31655,103.7683
476,1.4311,103.7687
477,1.29539,103.76966
478,1.43178,103.7699
479,1.31596,103.76991
480,1.38416,103.77029
481,1.32065,103.77067
482,1.30148,103.77071
483,1.31997,103.77076
484,1.3118,103.7708
485,1.31479,103.77085
486,1.31145,103.77096
487,1.31766,103.77141
488,1.42798,103.7722
489,1.4434,103.77226
490,1.43631,103.77247
491,1.38204,103.77274
492,1.44421,103.77288
493,1.442344,103.7736
494,1.30257,103.7737
495,1.39371,103.77396
496,1.31735,103.77418
497,1.33992,103.7743
498,1.44224,103.7751
499,1.43067,103.77516
500,1.42887,103.7754
501,1.36517,103.77551
502,1.28928,103.77673
503,1.32988,103.77696
504,1.442428,103.7772
505,1.28909,103.77721
506,1.43767,103.77741
507,1.33108,103.77772
508,1.33247,103.77776
509,1.44199,103.7782
510,1.28831,103.77837
511,1.36514,103.77857
512,1.28879,103.77865
513,1.44131,103.779
514,1.3667,103.77933
515,1.43571,103.77935
516,1.28865,103.7794
517,1.30747,103.7795
518,1.31605,103.77976
519,1.28467,103.78026
520,1.2918,103.7804
521,1.30167,103.78045
522,1.30454,103.78126
523,1.29168,103.78272
524,1.28968,103.78282
525,1.30705,103.78298
526,1.28613,103.7832
527,1.28906,103.7834
528,1.29204,103.78349
529,1.29361,103.78402
530,1.40719,103.78408
531,1.29385,103.7841
532,1.29482,103.78415
533,1.29429,103.78432
534,1.29471,103.78441
535,1.30461,103.78453
536,1.29141,103.78484
537,1.433,103.78484
538,1.2999,103.78488
539,1.2901,103.78504
540,1.30736,103.7852
541,1.31823,103.78546
542,1.309816,103.7855
543,1.28712,103.78553
544,1.29926,103.78564
545,1.29514,103.78578
546,1.33039,103.78586
547,1.29069,103.78635
548,1.30329,103.78723
549,1.30336,103.78726
550,1.30667,103.78735
551,1.30335,103.78781
552,1.29082,103.78815
553,1.30316,103.78822
554,1.29807,103.78824
555,1.2984,103.78827
556,1.29342,103.78837
557,1.29954,103.78862
558,1.29804,103.78869
559,1.29761,103.789
560,1.31107,103.789
561,1.30841,103.78927
562,1.27749,103.7896
563,1.30561,103.7897
564,1.27688,103.78979
565,1.44451,103.7898
566,1.30563,103.78987
567,1.30564,103.78993
568,1.34518,103.78999
569,1.30551,103.79
570,1.43651,103.79
571,1.30521,103.79021
572,1.28808,103.79028
573,1.40509,103.79041
574,1.30507,103.79048
575,1.30646,103.7906
576,1.30681,103.7908
577,1.44455,103.79104
578,1.31036,103.79117
579,1.31176,103.79153
580,1.30517,103.792
581,1.29336,103.79274
582,1.27621,103.79279
583,1.44607,103.79281
584,1.30685,103.79329
585,1.30732,103.79344
586,1.30673,103.79346
587,1.41399,103.79361
588,1.45697,103.79402
589,1.29629,103.79429
590,1.44868,103.7944
591,1.44896,103.7946
592,1.33102,103.79472
593,1.43396,103.79473
594,1.44846,103.7948
595,1.45779,103.7949
596,1.44904,103.795
597,1.45407,103.79513
598,1.44925,103.7952
599,1.4493,103.7953
600,1.44694,103.7954
601,1.45515,103.79569
602,1.44952,103.7957
603,1.33124,103.79608
604,1.43503,103.79628
605,1.44276,103.79634
606,1.27451,103.79654
607,1.30385,103.79657
608,1.44732,103.79701
609,1.3138,103.7971
610,1.43691,103.7972
611,1.29177,103.7977
612,1.30071,103.7984
613,1.27472,103.79892
614,1.29517,103.79903
615,1.27478,103.79915
616,1.4415,103.79921
617,1.27465,103.7994
618,1.45821,103.79941
619,1.45858,103.79945
620,1.45656,103.7997
621,1.27388,103.79975
622,1.31028,103.79977
623,1.44535,103.80008
624,1.28483,103.80027
625,1.28348,103.80111
626,1.44305,103.80118
627,1.44854,103.8012
628,1.27317,103.80147
629,1.28224,103.80147
630,1.44808,103.80153
631,1.44199,103.80162
632,1.27422,103.80185
633,1.27326,103.8019
634,1.27575,103.80199
635,1.27609,103.80208
636,1.2808,103.80223
637,1.34296,103.80241
638,1.28396,103.8025
639,1.28142,103.80275
640,1.30854,103.8028
641,1.27867,103.80306
642,1.31113,103.8032
643,1.29564,103.80335
644,1.288682,103.8034
645,1.46259,103.80362
646,1.31144,103.80395
647,1.44333,103.8043
648,1.45032,103.80454
649,1.44265,103.8046
650,1.28708,103.80476
651,1.44274,103.80476
652,1.32767,103.80494
653,1.29238,103.80499
654,1.28244,103.80536
655,1.43534,103.80556
656,1.28831,103.80557
657,1.28875,103.8059
658,1.44689,103.8059
659,1.4133,103.80614
660,1.2822,103.80628
661,1.29482,103.8069
662,1.317275,103.807
663,1.45181,103.8072
664,1.2861,103.80751
665,1.27288,103.80756
666,1.29132,103.8078
667,1.29252,103.80792
668,1.28607,103.80829
669,1.29119,103.80911
670,1.27593,103.80915
671,1.2818,103.80936
672,1.30847,103.80936
673,1.28156,103.80969
674,1.3221,103.80996
675,1.27275,103.81
676,1.28666,103.81
677,1.25816,103.81008
678,1.30544,103.8107
679,1.28982,103.81099
680,1.46571,103.81105
681,1.2728,103.81124
682,1.2716,103.8113
683,1.32013,103.8113
684,1.27283,103.81134
685,1.27656,103.81155
686,1.4506,103.81181
687,1.2814,103.81182
688,1.32324,103.81206
689,1.4495,103.81218
690,1.3212,103.81276
691,1.46405,103.8138
692,1.46901,103.81412
693,1.45641,103.8145
694,1.45451,103.81491
695,1.2689,103.81505
696,1.46164,103.81515
697,1.29185,103.81553
698,1.27603,103.81558
699,1.29359,103.81582
700,1.32268,103.81591
701,1.29438,103.816
702,1.33387,103.8161
703,1.4632,103.81654
704,1.46316,103.81656
705,1.25614,103.81685
706,1.45799,103.8171
707,1.27941,103.81729
708,1.27805,103.81745
709,1.40228,103.8176
710,1.28075,103.81784
711,1.26541,103.81818
712,1.25684,103.81823
713,1.26639,103.81824
714,1.3086,103.81846
715,1.2824,103.81858
716,1.44907,103.81866
717,1.26607,103.81884
718,1.28213,103.81887
719,1.26589,103.81888
720,1.28156,103.81912
721,1.25295,103.8192
722,1.28356,103.81931
723,1.25476,103.81949
724,1.44673,103.81953
725,1.44944,103.8196
726,1.32189,103.81965
727,1.30727,103.81966
728,1.29954,103.81972
729,1.30681,103.81972
730,1.30712,103.81974
731,1.28302,103.81985
732,1.28311,103.81992
733,1.26595,103.82
734,1.28345,103.82024
735,1.26406,103.82075
736,1.4513,103.82095
737,1.28279,103.8212
738,1.28256,103.82166
739,1.26543,103.82173
740,1.2654,103.82195
741,1.45815,103.8222
742,1.29999,103.82243
743,1.30478,103.8225
744,1.30531,103.82263
745,1.41378,103.82281
746,1.27446,103.82293
747,1.27634,103.82312
748,1.3009,103.82348
749,1.25702,103.82366
750,1.28124,103.82366
751,1.26422,103.82368
752,1.26426,103.82368
753,1.26129,103.8237
754,1.25822,103.82372
755,1.2635,103.82372
756,1.26331,103.82373
757,1.26489,103.82374
758,1.27858,103.82377
759,1.30398,103.82384
760,1.26646,103.82385
761,1.27843,103.82397
762,1.27633,103.82437
763,1.28158,103.82446
764,1.25501,103.82448
765,1.26563,103.82449
766,1.44078,103.8245
767,1.41979,103.8246
768,1.26763,103.8247
769,1.28145,103.82473
770,1.27759,103.82481
771,1.30542,103.82495
772,1.28128,103.82504
773,1.26968,103.82506
774,1.2859,103.82511
775,1.44635,103.82511
776,1.25395,103.82535
777,1.25424,103.82552
778,1.25454,103.82558
779,1.25437,103.82562
780,1.25394,103.82563
781,1.25433,103.82563
782,1.2544,103.82563
783,1.275234,103.8257
784,1.29307,103.8257
785,1.30454,103.82571
786,1.29227,103.82585
787,1.46223,103.82585
788,1.30059,103.82593
789,1.31061,103.82593
790,1.31113,103.8261
791,1.306,103.8262
792,1.25325,103.82634
793,1.38182,103.82641
794,1.38586,103.82654
795,1.282547,103.8266
796,1.26702,103.8267
797,1.26715,103.82672
798,1.27127,103.8269
799,1.27508,103.8269
800,1.43011,103.82701
801,1.28004,103.82723
802,1.30859,103.82733
803,1.2941,103.8274
804,1.42966,103.82749
805,1.37954,103.8275
806,1.28231,103.82789
807,1.28127,103.828
808,1.26897,103.82815
809,1.42946,103.82834
810,1.3078,103.82836
811,1.29888,103.82852
812,1.2791,103.82882
813,1.30715,103.8289
814,1.30737,103.829
815,1.30799,103.82907
816,1.28899,103.82916
817,1.27878,103.8292
818,1.36789,103.8293
819,1.27919,103.82946
820,1.28384,103.82947
821,1.30382,103.8298
822,1.29891,103.82992
823,1.27833,103.83015
824,1.28594,103.8302
825,1.44303,103.8302
826,1.3854,103.83027
827,1.3059,103.83046
828,1.2761,103.8306
829,1.30327,103.8306
830,1.4284,103.83068
831,1.29454,103.83076
832,1.43623,103.831
833,1.248,103.83111
834,1.30365,103.83117
835,1.28103,103.83121
836,1.27778,103.83152
837,1.29214,103.8318
838,1.3061,103.832
839,1.29953,103.83218
840,1.27241,103.83238
841,1.30936,103.83261
842,1.36428,103.83263
843,1.2821,103.8328
844,1.3066,103.83283
845,1.2859,103.83291
846,1.45394,103.83301
847,1.30671,103.8331
848,1.28573,103.83328
849,1.30385,103.83337
850,1.30878,103.8334
851,1.31852,103.83345
852,1.30375,103.83348
853,1.42545,103.8335
854,1.2872,103.83351
855,1.2899,103.83359
856,1.28765,103.8336
857,1.35402,103.8336
858,1.30914,103.83364
859,1.30878,103.8337
860,1.42059,103.83377
861,1.28563,103.8338
862,1.27968,103.83391
863,1.30241,103.834
864,1.28039,103.83413
865,1.27258,103.83415
866,1.2824,103.8342
867,1.41777,103.83439
868,1.29596,103.83471
869,1.42293,103.83471
870,1.28099,103.83487
871,1.28098,103.83488
872,1.27867,103.83516
873,1.27915,103.8353
874,1.30045,103.8353
875,1.28914,103.8354
876,1.41883,103.83545
877,1.30029,103.83546
878,1.30293,103.83548
879,1.43081,103.83548
880,1.28122,103.8355
881,1.27641,103.8356
882,1.30786,103.8356
883,1.38052,103.8357
884,1.3172,103.83572
885,1.37896,103.8358
886,1.27899,103.83585
887,1.3052,103.83587
888,1.27934,103.83599
889,1.34199,103.83603
890,1.28826,103.8361
891,1.421974,103.8361
892,1.28286,103.83614
893,1.44344,103.83615
894,1.28829,103.83618
895,1.3574,103.83637
896,1.27441,103.8364
897,1.30799,103.83645
898,1.31122,103.8365
899,1.27795,103.83653
900,1.30352,103.83655
901,1.4361,103.83667
902,1.4233,103.8368
903,1.43713,103.8368
904,1.36001,103.83691
905,1.27731,103.83697
906,1.3726,103.83702
907,1.43502,103.83703
908,1.27634,103.83707
909,1.37323,103.83709
910,1.27767,103.83722
911,1.36033,103.83727
912,1.35994,103.83731
913,1.27734,103.8374
914,1.33854,103.83746
915,1.28196,103.83756
916,1.35947,103.83764
917,1.29805,103.83766
918,1.30217,103.83767
919,1.30294,103.83774
920,1.30282,103.83789
921,1.27227,103.83791
922,1.44031,103.83794
923,1.38288,103.8381
924,1.42712,103.83812
925,1.30698,103.83814
926,1.34177,103.83825
927,1.34301,103.83825
928,1.28853,103.8384
929,1.37029,103.8384
930,1.42349,103.8384
931,1.36133,103.83855
932,1.34867,103.83864
933,1.27761,103.83865
934,1.33118,103.83892
935,1.42384,103.839
936,1.33341,103.8391
937,1.27207,103.8393
938,1.34797,103.83931
939,1.34936,103.83937
940,1.28027,103.8394
941,1.34194,103.83948
942,1.44098,103.83954
943,1.43168,103.8396
944,1.28791,103.83961
945,1.42431,103.8397
946,1.28815,103.8398
947,1.37727,103.8398
948,1.39045,103.8398
949,1.31143,103.83986
950,1.37771,103.8399
951,1.44126,103.83994
952,1.27227,103.83995
953,1.37449,103.84
954,1.379,103.84003
955,1.30462,103.84004
956,1.28003,103.84008
957,1.37695,103.84013
958,1.42893,103.84018
959,1.380457,103.8402
960,1.43851,103.84027
961,1.28742,103.8403
962,1.28898,103.84039
963,1.44119,103.84048
964,1.2875,103.84061
965,1.28738,103.84062
966,1.42343,103.8407
967,1.28779,103.84076
968,1.28723,103.84078
969,1.27613,103.84079
970,1.32818,103.84079
971,1.2922,103.8408
972,1.43303,103.84097
973,1.27824,103.8411
974,1.28858,103.84114
975,1.28796,103.8413
976,1.27331,103.8414
977,1.30477,103.8414
978,1.2833,103.84143
979,1.30044,103.84143
980,1.28806,103.84146
981,1.27912,103.84156
982,1.28904,103.84156
983,1.43727,103.8416
984,1.29335,103.84165
985,1.3016,103.84168
986,1.32482,103.8417
987,1.32972,103.8417
988,1.43374,103.8417
989,1.28678,103.84174
990,1.28473,103.84178
991,1.30225,103.84183
992,1.32457,103.84183
993,1.38735,103.84188
994,1.2799,103.84191
995,1.369089,103.842
996,1.3645,103.84204
997,1.29205,103.84214
998,1.28643,103.84217
999,1.29206,103.84218
1000,1.2835,103.84228
1001,1.29214,103.8423
1002,1.43884,103.84231
1003,1.2724,103.84237
1004,1.29374,103.84246
1005,1.29996,103.84254
1006,1.28969,103.84259
1007,1.30081,103.8427
1008,1.27403,103.84276
1009,1.32071,103.84276
1010,1.29964,103.84286
1011,1.29173,103.8429
1012,1.30033,103.8429
1013,1.31979,103.84295
1014,1.3389,103.843
1015,1.30951,103.84302
1016,1.32106,103.84311
1017,1.27448,103.84325
1018,1.28227,103.84327
1019,1.3889,103.84336
1020,1.27535,103.84344
1021,1.43345,103.84351
1022,1.2766,103.84353
1023,1.38398,103.84358
1024,1.27594,103.84361
1025,1.33444,103.84364
1026,1.33355,103.84392
1027,1.27649,103.84414
1028,1.29407,103.84418
1029,1.28128,103.8442
1030,1.28628,103.8442
1031,1.3664,103.84425
1032,1.28571,103.84442
1033,1.27349,103.84443
1034,1.33091,103.84443
1035,1.43093,103.84445
1036,1.31035,103.8445
1037,1.27598,103.84456
1038,1.38756,103.8446
1039,1.31033,103.84465
1040,1.32016,103.84468
1041,1.27275,103.84469
1042,1.32187,103.8447
1043,1.31033,103.84479
1044,1.35084,103.84479
1045,1.34077,103.8448
1046,1.38744,103.84481
1047,1.31032,103.84483
1048,1.31036,103.84486
1049,1.27795,103.84499
1050,1.32001,103.845
1051,1.27232,103.84509
1052,1.27414,103.84513
1053,1.27903,103.84519
1054,1.32647,103.84525
1055,1.31407,103.84527
1056,1.38601,103.8453
1057,1.29731,103.84531
1058,1.27399,103.8454
1059,1.28652,103.8455
1060,1.31448,103.84553
1061,1.32162,103.84555
1062,1.32177,103.84555
1063,1.34076,103.84558
1064,1.31312,103.84576
1065,1.31886,103.84576
1066,1.32198,103.8458
1067,1.32333,103.84586
1068,1.27292,103.8459
1069,1.28624,103.8459
1070,1.28741,103.84595
1071,1.34309,103.84597
1072,1.28756,103.84598
1073,1.28845,103.84599
1074,1.28877,103.84602
1075,1.27349,103.84606
1076,1.2835,103.84615
1077,1.28338,103.84626
1078,1.2871,103.84626
1079,1.27715,103.84631
1080,1.3088,103.84636
1081,1.27534,103.84642
1082,1.27368,103.84647
1083,1.27546,103.84649
1084,1.31842,103.8465
1085,1.28807,103.84653
1086,1.27554,103.84657
1087,1.30254,103.84658
1088,1.37087,103.8466
1089,1.38731,103.8466
1090,1.32124,103.84664
1091,1.27668,103.8467
1092,1.27634,103.84674
1093,1.28576,103.84676
1094,1.34097,103.84676
1095,1.42146,103.8468
1096,1.27613,103.84684
1097,1.27905,103.84687
1098,1.28471,103.84689
1099,1.27653,103.847
1100,1.27438,103.84702
1101,1.27612,103.84702
1102,1.31179,103.84702
1103,1.3119,103.84702
1104,1.28294,103.84703
1105,1.28509,103.84705
1106,1.32139,103.84706
1107,1.27638,103.84707
1108,1.34798,103.8471
1109,1.36886,103.84715
1110,1.38743,103.84722
1111,1.2865,103.84737
1112,1.311,103.8475
1113,1.27478,103.84751
1114,1.27514,103.84756
1115,1.31059,103.84756
1116,1.29745,103.84783
1117,1.28232,103.84786
1118,1.28998,103.84792
1119,1.28644,103.84803
1120,1.35266,103.84804
1121,1.28248,103.84806
1122,1.29435,103.84806
1123,1.384031,103.8482
1124,1.28182,103.84839
1125,1.28526,103.84839
1126,1.28459,103.84845
1127,1.29566,103.84855
1128,1.28024,103.84857
1129,1.2761,103.84866
1130,1.28204,103.84867
1131,1.3191,103.84873
1132,1.28608,103.84875
1133,1.28178,103.84877
1134,1.31742,103.84884
1135,1.2863,103.84886
1136,1.27659,103.84897
1137,1.27615,103.84898
1138,1.28602,103.849
1139,1.32029,103.849
1140,1.38223,103.849
1141,1.27562,103.84903
1142,1.27712,103.84908
1143,1.2845,103.84908
1144,1.36896,103.84909
1145,1.27719,103.84913
1146,1.28185,103.84915
1147,1.31528,103.8492
1148,1.384182,103.8492
1149,1.27722,103.84921
1150,1.36585,103.84926
1151,1.32026,103.84927
1152,1.35335,103.84928
1153,1.28048,103.84929
1154,1.384355,103.8493
1155,1.27731,103.84937
1156,1.36561,103.8494
1157,1.292,103.8495
1158,1.27711,103.84951
1159,1.28167,103.84957
1160,1.28017,103.84958
1161,1.28958,103.8496
1162,1.28305,103.84961
1163,1.30052,103.8497
1164,1.34738,103.84971
1165,1.27758,103.84984
1166,1.31891,103.84994
1167,1.34788,103.85007
1168,1.37662,103.85014
1169,1.28549,103.85021
1170,1.30201,103.85021
1171,1.28125,103.85022
1172,1.28187,103.85038
1173,1.31937,103.85046
1174,1.35019,103.85046
1175,1.31942,103.85047
1176,1.2814,103.85056
1177,1.28506,103.8506
1178,1.28067,103.85061
1179,1.28138,103.85061
1180,1.34663,103.85061
1181,1.29112,103.85063
1182,1.28129,103.85064
1183,1.28097,103.85067
1184,1.27983,103.85074
1185,1.28534,103.85076
1186,1.28399,103.85077
1187,1.32469,103.85082
1188,1.27961,103.85085
1189,1.28007,103.85096
1190,1.3014,103.85096
1191,1.28094,103.85097
1192,1.319,103.85097
1193,1.36619,103.8511
1194,1.30081,103.85125
1195,1.28487,103.8513
1196,1.2819,103.85135
1197,1.28271,103.85141
1198,1.30054,103.85148
1199,1.27924,103.8515
1200,1.30119,103.8516
1201,1.3335,103.85163
1202,1.30033,103.8517
1203,1.32377,103.8518
1204,1.29356,103.852
1205,1.31487,103.85208
1206,1.31938,103.85218
1207,1.29058,103.85224
1208,1.27792,103.85235
1209,1.28258,103.85237
1210,1.32314,103.85242
1211,1.29428,103.85248
1212,1.3515,103.85253
1213,1.27972,103.85255
1214,1.29358,103.8527
1215,1.27926,103.85275
1216,1.28352,103.8528
1217,1.2843,103.85284
1218,1.28534,103.85292
1219,1.2782,103.853
1220,1.30359,103.85303
1221,1.37054,103.85304
1222,1.29901,103.8531
1223,1.2788,103.85316
1224,1.29542,103.85316
1225,1.27944,103.85327
1226,1.27934,103.85329
1227,1.33827,103.85332
1228,1.27848,103.85334
1229,1.28116,103.85334
1230,1.31961,103.85334
1231,1.27989,103.85337
1232,1.27964,103.85342
1233,1.28061,103.85346
1234,1.28125,103.85361
1235,1.29818,103.85365
1236,1.29295,103.85367
1237,1.31371,103.85377
1238,1.28606,103.85379
1239,1.29837,103.85385
1240,1.33791,103.85387
1241,1.30271,103.85392
1242,1.29239,103.85396
1243,1.29461,103.85397
1244,1.28123,103.854
1245,1.29281,103.854
1246,1.29631,103.854
1247,1.27983,103.85416
1248,1.34918,103.85417
1249,1.29686,103.85418
1250,1.32569,103.85418
1251,1.28009,103.85423
1252,1.28113,103.85423
1253,1.2902,103.85446
1254,1.29038,103.85449
1255,1.31068,103.8545
1256,1.29044,103.85452
1257,1.29694,103.85459
1258,1.27805,103.85461
1259,1.30183,103.85464
1260,1.32463,103.8547
1261,1.37598,103.8547
1262,1.36317,103.85471
1263,1.42619,103.8548
1264,1.27892,103.85494
1265,1.36702,103.855
1266,1.27897,103.8551
1267,1.31204,103.8551
1268,1.2791,103.85519
1269,1.27859,103.85528
1270,1.29096,103.8554
1271,1.31202,103.8554
1272,1.34329,103.8554
1273,1.37106,103.85542
1274,1.28046,103.85544
1275,1.29718,103.8556
1276,1.31103,103.8556
1277,1.30079,103.85588
1278,1.36729,103.85597
1279,1.29391,103.85607
1280,1.2951,103.85612
1281,1.33596,103.85629
1282,1.2963,103.85633
1283,1.30345,103.85635
1284,1.30329,103.85661
1285,1.30008,103.85679
1286,1.27932,103.85683
1287,1.3667,103.85705
1288,1.36022,103.85713
1289,1.3012,103.8577
1290,1.30918,103.8578
1291,1.28009,103.85782
1292,1.29622,103.85785
1293,1.32722,103.85794
1294,1.28029,103.85797
1295,1.29327,103.85804
1296,1.34315,103.85806
1297,1.29822,103.85809
1298,1.29648,103.85812
1299,1.30243,103.8582
1300,1.29461,103.85825
1301,1.32496,103.85831
1302,1.40237,103.85834
1303,1.29304,103.85842
1304,1.2916,103.85851
1305,1.29523,103.8586
1306,1.32808,103.85871
1307,1.27868,103.85874
1308,1.29753,103.85878
1309,1.27774,103.8588
1310,1.2933,103.8588
1311,1.2818,103.85889
1312,1.30278,103.85894
1313,1.31558,103.85903
1314,1.42429,103.85907
1315,1.2688,103.85911
1316,1.29968,103.85915
1317,1.2687,103.85916
1318,1.29471,103.85916
1319,1.2686,103.85925
1320,1.29471,103.85925
1321,1.30568,103.85927
1322,1.29135,103.85928
1323,1.29351,103.8593
1324,1.29361,103.85934
1325,1.37666,103.85934
1326,1.2796,103.85937
1327,1.26838,103.8594
1328,1.26843,103.8594
1329,1.32173,103.8594
1330,1.40605,103.85956
1331,1.26816,103.85959
1332,1.29136,103.85961
1333,1.28311,103.85963
1334,1.26792,103.85978
1335,1.26725,103.8598
1336,1.26782,103.8598
1337,1.26771,103.85989
1338,1.28204,103.8599
1339,1.26766,103.85991
1340,1.26744,103.85992
1341,1.2676,103.85992
1342,1.282,103.85992
1343,1.26754,103.85997
1344,1.30502,103.85997
1345,1.34317,103.85999
1346,1.30495,103.86
1347,1.3053,103.86
1348,1.31225,103.86001
1349,1.29417,103.86003
1350,1.26674,103.86006
1351,1.31122,103.86008
1352,1.27069,103.86012
1353,1.40672,103.86014
1354,1.26692,103.86016
1355,1.30016,103.8602
1356,1.26685,103.86023
1357,1.26685,103.86023
1358,1.27066,103.86026
1359,1.29139,103.86026
1360,1.30234,103.86027
1361,1.27069,103.86028
1362,1.28391,103.86028
1363,1.26694,103.8603
1364,1.26644,103.86032
1365,1.27075,103.86032
1366,1.31235,103.86032
1367,1.267,103.86035
1368,1.30065,103.86039
1369,1.27068,103.86041
1370,1.27085,103.86041
1371,1.26699,103.86046
1372,1.27078,103.86046
1373,1.29354,103.86046
1374,1.31376,103.86048
1375,1.28425,103.8605
1376,1.30439,103.8605
1377,1.26673,103.86053
1378,1.2667,103.86054
1379,1.30018,103.86054
1380,1.27078,103.86055
1381,1.3692,103.86057
1382,1.26638,103.86058
1383,1.2707,103.86064
1384,1.30552,103.86068
1385,1.31918,103.8607
1386,1.2666,103.8608
1387,1.29101,103.8608
1388,1.30096,103.86088
1389,1.28488,103.8609
1390,1.31801,103.86106
1391,1.29764,103.8611
1392,1.39044,103.86111
1393,1.28311,103.86115
1394,1.29668,103.86122
1395,1.28461,103.86126
1396,1.28466,103.86146
1397,1.27579,103.86184
1398,1.31233,103.86196
1399,1.30711,103.86198
1400,1.30144,103.86202
1401,1.32491,103.86202
1402,1.30146,103.8621
1403,1.30873,103.86218
1404,1.41192,103.86218
1405,1.412,103.86219
1406,1.30181,103.8622
1407,1.30157,103.86222
1408,1.29527,103.8625
1409,1.32033,103.86252
1410,1.27119,103.86254
1411,1.30834,103.86267
1412,1.41978,103.86268
1413,1.31338,103.8628
1414,1.27264,103.86292
1415,1.31298,103.86296
1416,1.35301,103.86323
1417,1.30206,103.86325
1418,1.30743,103.86341
1419,1.37802,103.86348
1420,1.28981,103.86357
1421,1.37734,103.8642
1422,1.31115,103.86458
1423,1.27991,103.8648
1424,1.38409,103.86493
1425,1.31078,103.86497
1426,1.3201,103.86501
1427,1.34629,103.86506
1428,1.30324,103.86527
1429,1.33392,103.86527
1430,1.30056,103.86543
1431,1.3535,103.86546
1432,1.37177,103.86617
1433,1.32539,103.8662
1434,1.37346,103.8663
1435,1.29444,103.86659
1436,1.31036,103.86683
1437,1.32395,103.8674
1438,1.33261,103.8674
1439,1.31589,103.86756
1440,1.27607,103.86758
1441,1.37846,103.86807
1442,1.3726,103.86829
1443,1.32816,103.86845
1444,1.3744,103.86847
1445,1.32437,103.86898
1446,1.39102,103.8691
1447,1.34638,103.86936
1448,1.35172,103.8694
1449,1.375631,103.8694
1450,1.33223,103.86954
1451,1.37231,103.8698
1452,1.3421,103.87049
1453,1.339887,103.8707
1454,1.32093,103.87084
1455,1.37877,103.87107
1456,1.321332,103.8712
1457,1.32861,103.87137
1458,1.30625,103.8715
1459,1.32847,103.87162
1460,1.32024,103.8718
1461,1.37323,103.87189
1462,1.29537,103.87218
1463,1.31481,103.8727
1464,1.37374,103.87272
1465,1.31818,103.87277
1466,1.41004,103.8728
1467,1.37859,103.87312
1468,1.37356,103.87315
1469,1.39191,103.8738
1470,1.29543,103.87404
1471,1.37873,103.8741
1472,1.3122,103.87418
1473,1.32975,103.87425
1474,1.37051,103.87494
1475,1.34753,103.87525
1476,1.37334,103.87536
1477,1.37669,103.8755
1478,1.37347,103.8757
1479,1.39219,103.87622
1480,1.36876,103.87626
1481,1.37896,103.87639
1482,1.30853,103.87648
1483,1.29654,103.87655
1484,1.30876,103.87673
1485,1.35247,103.8768
1486,1.307644,103.8769
1487,1.37596,103.87723
1488,1.33719,103.87729
1489,1.31958,103.8779
1490,1.37907,103.87794
1491,1.34003,103.87801
1492,1.394138,103.8781
1493,1.35428,103.87823
1494,1.35067,103.8794
1495,1.39678,103.87962
1496,1.31006,103.87983
1497,1.329877,103.8801
1498,1.32044,103.88014
1499,1.37607,103.88041
1500,1.31298,103.8809
1501,1.37175,103.88101
1502,1.30538,103.88114
1503,1.39557,103.88172
1504,1.37424,103.88195
1505,1.31237,103.88211
1506,1.37529,103.88212
1507,1.34438,103.88234
1508,1.30562,103.88257
1509,1.30155,103.88266
1510,1.35097,103.88302
1511,1.374037,103.8833
1512,1.30716,103.88334
1513,1.34315,103.88334
1514,1.37049,103.88358
1515,1.31887,103.88385
1516,1.29801,103.88396
1517,1.38138,103.88437
1518,1.33574,103.8845
1519,1.38161,103.88475
1520,1.31326,103.8848
1521,1.371817,103.8848
1522,1.31016,103.88486
1523,1.37341,103.8851
1524,1.30059,103.88537
1525,1.35182,103.88559
1526,1.31411,103.88566
1527,1.30845,103.88571
1528,1.37228,103.88575
1529,1.33606,103.88578
1530,1.36774,103.88705
1531,1.29584,103.88719
1532,1.31923,103.88722
1533,1.3707,103.88752
1534,1.39675,103.88762
1535,1.38869,103.8877
1536,1.31484,103.8879
1537,1.38131,103.88808
1538,1.37208,103.88817
1539,1.33952,103.88822
1540,1.36642,103.88842
1541,1.33497,103.8885
1542,1.35077,103.88861
1543,1.32435,103.88895
1544,1.387,103.88925
1545,1.33374,103.88938
1546,1.37568,103.88938
1547,1.36337,103.88947
1548,1.387974,103.8896
1549,1.3978,103.88987
1550,1.3127,103.88998
1551,1.35226,103.89009
1552,1.31471,103.8901
1553,1.32751,103.89014
1554,1.312495,103.8903
1555,1.323137,103.8905
1556,1.3266,103.89065
1557,1.3714,103.89065
1558,1.3534,103.89099
1559,1.32247,103.891
1560,1.32325,103.89102
1561,1.32548,103.89102
1562,1.33435,103.89114
1563,1.34409,103.89115
1564,1.38957,103.89135
1565,1.33173,103.89155
1566,1.36113,103.8918
1567,1.390063,103.8918
1568,1.3756,103.89183
1569,1.36673,103.89197
1570,1.31794,103.8921
1571,1.34059,103.8923
1572,1.33648,103.89233
1573,1.34033,103.89233
1574,1.37137,103.89273
1575,1.3515,103.8928
1576,1.36273,103.8928
1577,1.3587,103.89286
1578,1.33682,103.89296
1579,1.38066,103.89298
1580,1.36884,103.8932
1581,1.378167,103.8938
1582,1.38649,103.8939
1583,1.33602,103.89395
1584,1.36164,103.89406
1585,1.29593,103.89408
1586,1.36261,103.89412
1587,1.37503,103.89416
1588,1.31183,103.8942
1589,1.32797,103.89426
1590,1.37775,103.89443
1591,1.29597,103.8945
1592,1.33437,103.89489
1593,1.36161,103.89538
1594,1.3617,103.89558
1595,1.36331,103.8956
1596,1.39261,103.8956
1597,1.38607,103.8961
1598,1.38746,103.89641
1599,1.39593,103.89648
1600,1.30953,103.89695
1601,1.33522,103.89701
1602,1.3332,103.89734
1603,1.32286,103.8975
1604,1.39057,103.8975
1605,1.39188,103.8976
1606,1.36568,103.89773
1607,1.36586,103.89773
1608,1.3382,103.89788
1609,1.37449,103.89813
1610,1.393124,103.8982
1611,1.39997,103.8982
1612,1.32993,103.89823
1613,1.40648,103.89859
1614,1.391681,103.8986
1615,1.39129,103.89887
1616,1.35868,103.89904
1617,1.39117,103.8991
1618,1.29762,103.89918
1619,1.36742,103.89918
1620,1.37257,103.8992
1621,1.33064,103.89932
1622,1.37551,103.89997
1623,1.36973,103.9002
1624,1.38343,103.90068
1625,1.32573,103.90086
1626,1.31029,103.9009
1627,1.30068,103.90158
1628,1.383504,103.9016
1629,1.40078,103.9016
1630,1.39094,103.9017
1631,1.38288,103.9018
1632,1.33159,103.90195
1633,1.38168,103.902
1634,1.32526,103.90209
1635,1.33166,103.90209
1636,1.32424,103.90214
1637,1.30515,103.90231
1638,1.38657,103.90281
1639,1.39612,103.90329
1640,1.33076,103.9033
1641,1.39619,103.90389
1642,1.29973,103.90435
1643,1.39265,103.9044
1644,1.40116,103.90525
1645,1.39199,103.9056
1646,1.33455,103.90563
1647,1.39489,103.90593
1648,1.40434,103.90616
1649,1.30322,103.90619
1650,1.3971,103.90621
1651,1.4031,103.90625
1652,1.39198,103.90673
1653,1.33182,103.9069
1654,1.33184,103.9069
1655,1.393396,103.907
1656,1.39195,103.90706
1657,1.38888,103.90715
1658,1.3644,103.90765
1659,1.39275,103.90818
1660,1.40072,103.90887
1661,1.40114,103.90889
1662,1.33293,103.9091
1663,1.39319,103.90925
1664,1.36714,103.90932
1665,1.30835,103.90944
1666,1.375,103.9097
1667,1.40096,103.9097
1668,1.3014,103.90987
1669,1.32276,103.91004
1670,1.36863,103.9101
1671,1.38987,103.9104
1672,1.39563,103.91077
1673,1.33576,103.91112
1674,1.33271,103.9123
1675,1.33657,103.91278
1676,1.33154,103.91293
1677,1.39825,103.9131
1678,1.30624,103.91313
1679,1.38659,103.9136
1680,1.33406,103.91408
1681,1.39549,103.91427
1682,1.30621,103.9146
1683,1.32036,103.91614
1684,1.402521,103.9162
1685,1.3139,103.91749
1686,1.32635,103.9177
1687,1.38235,103.9203
1688,1.32364,103.92031
1689,1.32321,103.92287
1690,1.31966,103.92307
1691,1.3248,103.92323
1692,1.31123,103.92347
1693,1.325214,103.9251
1694,1.32531,103.92531
1695,1.30941,103.92581
1696,1.31247,103.92647
1697,1.32373,103.9272
1698,1.311638,103.9291
1699,1.33175,103.92911
1700,1.37671,103.9297
1701,1.35817,103.9298
1702,1.33281,103.93019
1703,1.37039,103.93039
1704,1.35251,103.93052
1705,1.34901,103.93057
1706,1.35978,103.93078
1707,1.37381,103.93088
1708,1.32919,103.9316
1709,1.30809,103.93173
1710,1.32612,103.93213
1711,1.31116,103.93225
1712,1.31884,103.9326
1713,1.35079,103.93279
1714,1.37297,103.93311
1715,1.33796,103.93314
1716,1.33642,103.93328
1717,1.33545,103.9335
1718,1.3598,103.93352
1719,1.33127,103.93357
1720,1.31384,103.9337
1721,1.34631,103.93372
1722,1.35481,103.9338
1723,1.3127,103.93396
1724,1.3747,103.93399
1725,1.3795,103.934
1726,1.33027,103.93401
1727,1.33168,103.93414
1728,1.35985,103.93419
1729,1.35948,103.93431
1730,1.35116,103.93433
1731,1.31101,103.9344
1732,1.34814,103.93469
1733,1.32091,103.9347
1734,1.32713,103.93508
1735,1.30729,103.93545
1736,1.34726,103.9357
1737,1.33177,103.93574
1738,1.37664,103.9361
1739,1.3568,103.93617
1740,1.33716,103.93624
1741,1.352188,103.9363
1742,1.3783,103.93635
1743,1.34873,103.93657
1744,1.32596,103.93715
1745,1.33487,103.93785
1746,1.34634,103.93831
1747,1.35534,103.93831
1748,1.34905,103.93856
1749,1.34476,103.93863
1750,1.37675,103.9387
1751,1.35755,103.93878
1752,1.38141,103.93881
1753,1.33333,103.9389
1754,1.37647,103.939
1755,1.38191,103.93902
1756,1.32052,103.9391
1757,1.32045,103.93948
1758,1.34947,103.93987
1759,1.3582,103.93987
1760,1.32858,103.93992
1761,1.33372,103.94027
1762,1.35564,103.94059
1763,1.32523,103.94077
1764,1.38268,103.9409
1765,1.34789,103.94118
1766,1.34527,103.94149
1767,1.38175,103.94171
1768,1.35167,103.94174
1769,1.35165,103.94181
1770,1.35389,103.94255
1771,1.337812,103.9427
1772,1.34566,103.94332
1773,1.3456,103.94333
1774,1.34539,103.9435
1775,1.33513,103.9436
1776,1.35093,103.94442
1777,1.34703,103.94479
1778,1.35316,103.9448
1779,1.37057,103.94539
1780,1.35883,103.94574
1781,1.32684,103.94617
1782,1.37232,103.9463
1783,1.32698,103.94655
1784,1.37501,103.94754
1785,1.36042,103.94767
1786,1.33093,103.94785
1787,1.33689,103.9487
1788,1.36813,103.94922
1789,1.33842,103.94946
1790,1.33997,103.9495
1791,1.351261,103.9497
1792,1.37269,103.9498
1793,1.33784,103.9499
1794,1.33917,103.94999
1795,1.35694,103.9502
1796,1.33959,103.95042
1797,1.33996,103.9505
1798,1.33958,103.95057
1799,1.3397,103.95073
1800,1.34948,103.9509
1801,1.3345,103.95124
1802,1.3545,103.95128
1803,1.35018,103.95141
1804,1.36959,103.95154
1805,1.36587,103.95157
1806,1.34656,103.95181
1807,1.34114,103.95214
1808,1.3556,103.95222
1809,1.33471,103.9525
1810,1.33069,103.95278
1811,1.34167,103.95282
1812,1.34645,103.95286
1813,1.34176,103.95307
1814,1.34623,103.95336
1815,1.34382,103.95354
1816,1.34369,103.95388
1817,1.35126,103.95389
1818,1.33568,103.95398
1819,1.36524,103.95401
1820,1.34554,103.9543
1821,1.35108,103.95437
1822,1.33204,103.95504
1823,1.3618,103.9551
1824,1.32057,103.95537
1825,1.35141,103.9555
1826,1.36466,103.9556
1827,1.34781,103.95603
1828,1.37481,103.9562
1829,1.36815,103.9563
1830,1.37546,103.95635
1831,1.3708,103.95706
1832,1.37549,103.95738
1833,1.34161,103.95748
1834,1.36719,103.9576
1835,1.34334,103.95765
1836,1.34345,103.95765
1837,1.34574,103.95778
1838,1.3465,103.9579
1839,1.3148,103.95814
1840,1.3421,103.95819
1841,1.34165,103.95855
1842,1.34157,103.95858
1843,1.33079,103.9586
1844,1.34141,103.95871
1845,1.34132,103.95876
1846,1.33643,103.95895
1847,1.36037,103.95911
1848,1.34488,103.9592
1849,1.35754,103.9592
1850,1.34063,103.95929
1851,1.33088,103.95938
1852,1.33082,103.9594
1853,1.33096,103.9594
1854,1.33107,103.95953
1855,1.33125,103.95956
1856,1.3505,103.95989
1857,1.36865,103.96021
1858,1.33022,103.96042
1859,1.372192,103.9605
1860,1.35387,103.9607
1861,1.3575,103.9609
1862,1.33611,103.96099
1863,1.33603,103.9611
1864,1.3397,103.96113
1865,1.33974,103.96115
1866,1.33602,103.96118
1867,1.3406,103.96119
1868,1.33344,103.96139
1869,1.33965,103.96144
1870,1.33962,103.96145
1871,1.33342,103.96146
1872,1.34154,103.96146
1873,1.33959,103.96154
1874,1.33591,103.96166
1875,1.33325,103.962
1876,1.33278,103.96231
1877,1.35895,103.96233
1878,1.35798,103.96266
1879,1.35656,103.96289
1880,1.37466,103.96291
1881,1.35636,103.96296
1882,1.35633,103.96297
1883,1.34643,103.96298
1884,1.35698,103.963
1885,1.35602,103.96302
1886,1.35584,103.96309
1887,1.34523,103.96316
1888,1.33343,103.96323
1889,1.36274,103.9635
1890,1.35456,103.9636
1891,1.35427,103.96361
1892,1.33266,103.9637
1893,1.366776,103.9637
1894,1.36157,103.96372
1895,1.37107,103.9638
1896,1.34499,103.9639
1897,1.36683,103.96397
1898,1.35248,103.96409
1899,1.34497,103.9641
1900,1.367,103.96414
1901,1.35275,103.96415
1902,1.35259,103.96419
1903,1.35117,103.9642
1904,1.32915,103.96424
1905,1.33963,103.96433
1906,1.3346,103.96459
1907,1.36786,103.96512
1908,1.35697,103.9652
1909,1.34907,103.96524
1910,1.34799,103.9655
1911,1.33672,103.96571
1912,1.34838,103.96571
1913,1.33647,103.96582
1914,1.33821,103.96601
1915,1.3343,103.96609
1916,1.32818,103.96612
1917,1.33179,103.96615
1918,1.33606,103.96615
1919,1.33705,103.96616
1920,1.33188,103.9663
1921,1.33742,103.96642
1922,1.33764,103.9665
1923,1.36553,103.96681
1924,1.33454,103.96691
1925,1.3374,103.96715
1926,1.33768,103.96718
1927,1.33733,103.96722
1928,1.31856,103.96732
1929,1.33459,103.96733
1930,1.3535,103.96744
1931,1.37719,103.96745
1932,1.35294,103.96759
1933,1.33398,103.96764
1934,1.36674,103.96773
1935,1.34552,103.96777
1936,1.35062,103.96777
1937,1.35118,103.96782
1938,1.37197,103.96825
1939,1.37198,103.96846
1940,1.3628,103.96856
1941,1.32004,103.96864
1942,1.34332,103.96921
1943,1.37079,103.96927
1944,1.34321,103.9693
1945,1.34284,103.96952
1946,1.33707,103.96967
1947,1.33576,103.96968
1948,1.3588,103.96969
1949,1.35971,103.96969
1950,1.32554,103.9697
1951,1.34226,103.9699
1952,1.34246,103.9699
1953,1.34209,103.97004
1954,1.32529,103.97006
1955,1.36331,103.97022
1956,1.33816,103.97025
1957,1.34144,103.97059
1958,1.32302,103.97073
1959,1.37042,103.97106
1960,1.37502,103.97334
1961,1.32429,103.9735
1962,1.37392,103.97498
1963,1.36541,103.97533
1964,1.38088,103.9754
1965,1.37443,103.97547
1966,1.36606,103.97552
1967,1.37461,103.97564
1968,1.37516,103.97617
1969,1.33297,103.97752
1970,1.32739,103.97753
1971,1.37837,103.9785
1972,1.33749,103.97852
1973,1.33734,103.97882
1974,1.38744,103.97949
1975,1.39145,103.9804
1976,1.33672,103.98057
1977,1.33672,103.98058
1978,1.33866,103.98105
1979,1.33935,103.98112
1980,1.33926,103.98113
1981,1.33823,103.98116
1982,1.33931,103.9812
1983,1.33806,103.98129
1984,1.34019,103.98143
1985,1.33761,103.98151
1986,1.33773,103.98152
1987,1.34056,103.9816
1988,1.34077,103.98169
1989,1.34101,103.98182
1990,1.34216,103.98227
1991,1.34269,103.9825
1992,1.34364,103.98317
1993,1.34528,103.9836
1994,1.34623,103.984
1995,1.34629,103.98401
1996,1.3465,103.98403
1997,1.34693,103.98407
1998,1.35168,103.98432
1999,1.35076,103.98452
2000,1.35162,103.98456
2001,1.35192,103.98467
2002,1.35054,103.9847
2003,1.35211,103.98474
2004,1.34811,103.98476
2005,1.35075,103.98476
2006,1.3509,103.98477
2007,1.35159,103.98477
2008,1.35081,103.98486
2009,1.35064,103.98488
2010,1.35193,103.9849
2011,1.35256,103.9849
2012,1.35104,103.98491
2013,1.35094,103.98492
2014,1.3511,103.98492
2015,1.35111,103.98492
2016,1.35225,103.98494
2017,1.35093,103.98499
2018,1.35104,103.985
2019,1.35119,103.985
2020,1.35104,103.98503
2021,1.3515,103.98504
2022,1.35127,103.98505
2023,1.35143,103.98508
2024,1.35135,103.98509
2025,1.35145,103.9851
2026,1.351608,103.9851
2027,1.35219,103.9851
2028,1.35128,103.98512
2029,1.35157,103.98512
2030,1.35161,103.98516
2031,1.35167,103.98516
2032,1.35185,103.98519
2033,1.35215,103.9852
2034,1.349,103.98522
2035,1.34905,103.98523
2036,1.35164,103.98523
2037,1.35174,103.98523
2038,1.34914,103.98525
2039,1.35199,103.98525
2040,1.35159,103.98528
2041,1.35188,103.9853
2042,1.35193,103.98535
2043,1.3526,103.98541
2044,1.35267,103.98544
2045,1.35273,103.98545
2046,1.35226,103.98546
2047,1.35235,103.98546
2048,1.35204,103.98548
2049,1.35218,103.98549
2050,1.35302,103.98549
2051,1.35181,103.9855
2052,1.35307,103.9855
2053,1.35328,103.98553
2054,1.39118,103.98553
2055,1.35233,103.9856
2056,1.34955,103.98567
2057,1.34964,103.98568
2058,1.38757,103.98568
2059,1.35252,103.98572
2060,1.35257,103.98573
2061,1.35264,103.98577
2062,1.35285,103.98586
2063,1.35292,103.98589
2064,1.35304,103.98594
2065,1.3531,103.98598
2066,1.35316,103.986
2067,1.35008,103.98601
2068,1.35323,103.98603
2069,1.35343,103.98605
2070,1.35335,103.98608
2071,1.35343,103.98608
2072,1.3535,103.98611
2073,1.35354,103.98617
2074,1.35046,103.9862
2075,1.35368,103.98621
2076,1.35083,103.98622
2077,1.35388,103.98626
2078,1.35399,103.98628
2079,1.38747,103.98633
2080,1.35402,103.98635
2081,1.35408,103.98635
2082,1.35391,103.9864
2083,1.35452,103.98646
2084,1.35111,103.98648
2085,1.35308,103.98648
2086,1.35127,103.98658
2087,1.35433,103.98658
2088,1.35149,103.98666
2089,1.35229,103.9867
2090,1.39034,103.98671
2091,1.35178,103.9868
2092,1.35412,103.9868
2093,1.35443,103.9868
2094,1.38745,103.9868
2095,1.35204,103.98688
2096,1.35355,103.98702
2097,1.35243,103.98706
2098,1.3538,103.98713
2099,1.35439,103.98714
2100,1.35456,103.98725
2101,1.35482,103.98734
2102,1.35472,103.9875
2103,1.3875,103.9875
2104,1.35564,103.98751
2105,1.35347,103.98755
2106,1.35435,103.98755
2107,1.35354,103.98758
2108,1.35377,103.9876
2109,1.35472,103.98765
2110,1.35386,103.98768
2111,1.35408,103.9877
2112,1.35486,103.98778
2113,1.35469,103.9878
2114,1.3565,103.98783
2115,1.35696,103.98791
2116,1.35776,103.98795
2117,1.35706,103.98799
2118,1.35959,103.98807
2119,1.35496,103.9881
2120,1.36008,103.98813
2121,1.35517,103.98818
2122,1.35997,103.98819
2123,1.38835,103.9882
2124,1.31429,103.98827
2125,1.36017,103.98827
2126,1.31437,103.98828
2127,1.35741,103.98828
2128,1.35977,103.98831
2129,1.36026,103.98831
2130,1.3584,103.98832
2131,1.35995,103.98832
2132,1.36018,103.98837
2133,1.36044,103.9884
2134,1.3146,103.98844
2135,1.35779,103.98846
2136,1.3598,103.98848
2137,1.35588,103.98849
2138,1.3605,103.9885
2139,1.36094,103.98854
2140,1.35764,103.98855
2141,1.35845,103.98855
2142,1.35599,103.98857
2143,1.36087,103.98857
2144,1.35608,103.98859
2145,1.35593,103.9886
2146,1.35614,103.98861
2147,1.31455,103.98867
2148,1.35633,103.98868
2149,1.35643,103.98871
2150,1.35631,103.98872
2151,1.35947,103.98873
2152,1.35953,103.98873
2153,1.3584,103.98877
2154,1.36054,103.98879
2155,1.35946,103.98881
2156,1.36042,103.98881
2157,1.35663,103.98882
2158,1.36171,103.98882
2159,1.35656,103.98883
2160,1.35855,103.98883
2161,1.35938,103.98883
2162,1.3593,103.98884
2163,1.36063,103.98884
2164,1.36138,103.98884
2165,1.3586,103.98886
2166,1.36091,103.9889
2167,1.35803,103.98891
2168,1.35872,103.98891
2169,1.36094,103.98891
2170,1.35598,103.98893
2171,1.35911,103.98893
2172,1.35917,103.98893
2173,1.35883,103.98894
2174,1.36133,103.98894
2175,1.35898,103.98898
2176,1.35791,103.98904
2177,1.36084,103.9891
2178,1.36148,103.98912
2179,1.36147,103.98913
2180,1.36151,103.98917
2181,1.35782,103.98926
2182,1.35789,103.98934
2183,1.35797,103.98935
2184,1.35855,103.98935
2185,1.35803,103.98939
2186,1.35804,103.98939
2187,1.3566,103.9894
2188,1.31634,103.98949
2189,1.35809,103.98949
2190,1.35822,103.98949
2191,1.35748,103.98952
2192,1.35811,103.9896
2193,1.3569,103.98962
2194,1.35782,103.98962
2195,1.35803,103.98964
2196,1.35793,103.98965
2197,1.35743,103.98969
2198,1.35744,103.98969
2199,1.31629,103.9897
2200,1.35804,103.9897
2201,1.35759,103.98971
2202,1.35755,103.98974
2203,1.35772,103.98975
2204,1.35748,103.98979
2205,1.35751,103.98979
2206,1.35767,103.98979
2207,1.35754,103.9898
2208,1.35838,103.9898
2209,1.35748,103.98983
2210,1.35748,103.98984
2211,1.35739,103.98985
2212,1.35748,103.98985
2213,1.35753,103.98985
2214,1.35746,103.98989
2215,1.35752,103.98989
2216,1.35755,103.98989
2217,1.35739,103.9899
2218,1.35748,103.9899
2219,1.36115,103.98991
2220,1.35646,103.98992
2221,1.35735,103.98996
2222,1.35772,103.98996
2223,1.35758,103.98998
2224,1.35839,103.99001
2225,1.35808,103.99005
2226,1.35835,103.99007
2227,1.35855,103.99007
2228,1.36083,103.99007
2229,1.35767,103.99009
2230,1.35848,103.99011
2231,1.3586,103.99011
2232,1.35837,103.99016
2233,1.35717,103.99019
2234,1.35845,103.99019
2235,1.35917,103.9904
2236,1.36088,103.9904
2237,1.36075,103.99049
2238,1.39067,103.9913
2239,1.37613,103.9958
2240,1.38053,103.99754
2241,1.38093,103.99773
2242,1.38911,103.99815
2243,1.31243,103.99862
2244,1.38385,103.99895
2245,1.3841,103.99901
2246,1.38445,103.99916
2247,1.38145,104.0008
2248,1.38418,104.00108
2249,1.38411,104.0011
2250,1.37612,104.00377
2251,1.37364,104.00587
